[
    {
        "id":1,
        "name":"Story Book",
        "title":"Lorem, ipsum dolor sit amet consectetur adipisicing elit.",
        "price":0,
        "category":"Free",
        "image":"Cardimg.jpg"
    },
    {
        "id":2,
        "name":"Food Book",
        "title":"Lorem, ipsum dolor sit amet consectetur adipisicing elit.",
        "price":200,
        "category":"Food",
        "image":"Cardimg.jpg"
    },
    {
        "id":3,
        "name":"Story Book",
        "title":"Lorem, ipsum dolor sit amet consectetur adipisicing elit.",
        "price":0,
        "category":"Free",
        "image":"Cardimg.jpg"
    },
    {
        "id":4,
        "name":"Story Book",
        "title":"Lorem, ipsum dolor sit amet consectetur adipisicing elit.",
        "price":0,
        "category":"Free",
        "image":"Cardimg.jpg"
    },
    {
        "id":5,
        "name":"Sport Book",
        "title":"Lorem, ipsum dolor sit amet consectetur adipisicing elit.",
        "price":100,
        "category":"Sport",
        "image":"Cardimg.jpg"
    },
    {
        "id":6,
        "name":"Story Book",
        "title":"Lorem, ipsum dolor sit amet consectetur adipisicing elit.",
        "price":0,
        "category":"Free",
        "image":"Cardimg.jpg"
    },
    {
        "id":7,
        "name":"Story Book",
        "title":"Lorem, ipsum dolor sit amet consectetur adipisicing elit.",
        "price":0,
        "category":"Free",
        "image":"Cardimg.jpg"
    },
    {
        "id":8,
        "name":"Music Book",
        "title":"Lorem, ipsum dolor sit amet consectetur adipisicing elit.",
        "price":50,
        "category":"Song",
        "image":"Cardimg.jpg"
    },
    {
        "id":9,
        "name":"Story Book",
        "title":"Lorem, ipsum dolor sit amet consectetur adipisicing elit.",
        "price":0,
        "category":"Free",
        "image":"Cardimg.jpg"
    },
    {
        "id":10,
        "name":"Comedy Book",
        "title":"Lorem, ipsum dolor sit amet consectetur adipisicing elit.",
        "price":150,
        "category":"Entainment",
        "image":"Cardimg.jpg"
    },
    {
        "id":11,
        "name":"Story Book",
        "title":"Lorem, ipsum dolor sit amet consectetur adipisicing elit.",
        "price":0,
        "category":"Free",
        "image":"Cardimg.jpg"
    }
]